Topic stat;Value
LDA_coherence;0.9089838561482907
LDA_diversity;0.5125
Top2Vec_coherence;0.5233069825880765
Top2Vec_diversity;0.9285714285714286
