Topic stat;Value
LDA_coherence;0.9130887874749687
LDA_diversity;0.4
Top2Vec_coherence;0.3361302405737795
Top2Vec_diversity;0.9166666666666666
